,model,accuracy_test,log_return_test,std_dev_test,sharpe_test,mse_test,rmse_test,mae_test,r2_test,mape_test,precision_test,f1_test,roc_auc_test
0,linear_regression,0.604212373848179,7.84544634165819,0.0248434731678039,0.1385673847046604,0.9249069038166824,0.9617208034646452,0.9448822977465308,0.0710080177446959,1193552201727.9822,,,
0,ridge_regression,0.5914874945151383,6.800273405809865,0.0250076711263887,0.1193187786856459,0.9438072782219452,0.9714974411813678,0.9607656460127664,0.0520241651951502,898516020934.9277,,,
0,logistic_regression,0.5787626151820974,5.228140048228487,0.0205070779384711,0.1118662566156221,,,,,,0.6451612903225806,0.4418604651162791,0.5769650520491563
0,svc,0.5010969723562966,-1.0100318083574724,0.0326294980042099,-0.0135825193829887,,,,,,0.4985968194574368,0.6521872132150505,0.5043654131122591
0,xgboost_classifier,0.6384379113646336,11.238477615454126,0.0222441627438011,,,,,,,0.6396724294813467,0.6304932735426009,0.6383130466393712
0,lgbm_classifier,0.6195699868363317,9.175502385171338,0.0228589848879671,0.17612807429546,,,,,,0.6346938775510204,0.5892941733775462,0.6190545507198156
0,random_forest,0.6432645897323388,9.077586458469913,0.0206805836737035,0.1926031018069569,,,,,,0.6853146853146853,0.5912518853695324,0.6423511307867911
