,model,accuracy_test,log_return_test,std_dev_test,sharpe_test,mse_test,rmse_test,mae_test,r2_test,mape_test,precision_test,f1_test,roc_auc_test
0,linear_regression,0.5668693009118541,4.18293180985544,0.0135813871194097,0.1560233175205693,0.937060134165088,0.9680186641615376,0.9424023576845036,0.0378444566586032,11013685826808.584,,,
0,ridge_regression,0.5369807497467072,3.230810648560833,0.0117856390296337,0.1388708909776866,0.953276810667206,0.9763589558493362,0.9600573293467816,0.0211934813132599,10648838593059.607,,,
0,logistic_regression,0.5227963525835866,1.0187930801370375,0.0100817992257255,0.0511918463593721,,,,,,0.5078740157480315,0.215,0.5073841528121683
0,svc,0.5314083080040527,0.5373745411683447,0.0053970088231818,0.0504402012763414,,,,,,0.5224839400428265,0.3453644727530078,0.5205010241771622
0,xgboost_classifier,0.5146909827760892,1.1511862291574655,0.0283080841313221,,,,,,,0.4963768115942029,0.6318216756341276,0.5288188646029566
0,lgbm_classifier,0.57193515704154,2.451268401770204,0.0220131533166035,0.0564106962778786,,,,,,0.5392385392385393,0.6215853112404837,0.5783834864800388
0,random_forest,0.5714285714285714,1.5972490664624186,0.022629950475534,0.035755420599447,,,,,,0.5386398763523956,0.6223214285714286,0.5780235848668569
