,model,accuracy_test,log_return_test,std_dev_test,sharpe_test,mse_test,rmse_test,mae_test,r2_test,mape_test,precision_test,f1_test,roc_auc_test
0,linear_regression,0.6551258992805755,10.165195796362992,0.0227052264302404,0.2013052623437083,0.9163287489744524,0.9572506197305136,0.9421173439301508,0.0795204939755825,723202523307.7216,,,
0,ridge_regression,0.6299460431654677,8.890348080890703,0.0237828818586916,0.1680813407398037,0.9372495622961032,0.9681165024397131,0.9592366819457848,0.0585049142139579,564235387041.9213,,,
0,logistic_regression,0.591726618705036,7.48281880394413,0.0170308095281818,0.197558242593638,,,,,,0.6857142857142857,0.4422604422604422,0.5895962920038853
0,svc,0.4959532374100719,-0.1702925272817834,0.0314074659678381,-0.002437967489973,,,,,,0.4959532374100719,0.6630598136459273,0.5
0,xgboost_classifier,0.6465827338129496,11.240306924503274,0.021721300637406,,,,,,,0.6398940864960282,0.648479427549195,0.6466687640471248
0,lgbm_classifier,0.6339928057553957,9.05341045155191,0.0221002008969511,0.1841964287888152,,,,,,0.6359360301034808,0.6241920590951062,0.6338232522930327
0,random_forest,0.6187050359712231,8.451484734478072,0.02124785947467,0.1788475696868597,,,,,,0.6239067055393586,0.6022514071294559,0.6184107409603037
