,model,accuracy_train,log_return_train,std_dev_train,sharpe_train,mse_train,rmse_train,mae_train,r2_train,mape_train,precision_train,f1_train,roc_auc_train
0,linear_regression,0.4858096828046744,4.109719236196269,0.0267593376375172,0.1281976239149651,0.6898059234869162,0.8305455577431717,0.720987485344226,0.0728390902958208,114436271441119.6,,,
0,ridge_regression,0.4883138564273789,4.130975198062135,0.0289448304996775,0.1191309921720328,0.6943092657515394,0.8332522221701778,0.7277833307401343,0.0667861951718249,101160369416437.56,,,
0,logistic_regression,0.6786310517529215,3.5504056837120386,0.0153489088020272,0.1930828303546363,,,,,,0.6521739130434783,0.4832214765100671,0.6260540331850447
0,svc,0.5742904841402338,1.4838090491462934,0.0357863611433292,0.034610163977653,,,,,,0.4732026143790849,0.586709886547812,0.6095214696651956
0,xgboost_classifier,0.7353923205342237,6.447103719284809,0.0249586534284666,,,,,,,0.6583333333333333,0.6659641728134879,0.7244041403798176
0,lgbm_classifier,0.7595993322203672,10.364999904261037,0.0240875219005136,0.3591867948169431,,,,,,0.6269284712482468,0.7563451776649747,0.7941041412572645
0,random_forest,1.0,10.57527535438838,0.0240164300720461,0.3675584522186534,,,,,,1.0,1.0,1.0
