{"0": {"tr_err": {"mae": 15.056745738874202, "mape (%)": 477.748117567138, "mse": 408.22084988683804, "rmse": 19.804564157292326, "r2_score": -0.18106808991693407, "mean_bias_error": -1.9010515000752342, "AdjMSE": 730.5117715322016, "fuzzy_accuracy (%)": 79.29130350833994}, "val_err": {"mae": 8.162011586062494, "mape (%)": 406.3426415160298, "mse": 107.66126251104107, "rmse": 10.180142281816956, "r2_score": -0.48887850087472484, "mean_bias_error": 1.2448407491230427, "AdjMSE": 208.80783300106663, "fuzzy_accuracy (%)": 80.15588954038559}, "tst_err": {"mae": 14.192066405989847, "mape (%)": 2985.9368256399434, "mse": 322.72938920137216, "rmse": 16.807943896666675, "r2_score": -6.22996482255055, "mean_bias_error": 13.177345898214702, "AdjMSE": 651.245185220812, "fuzzy_accuracy (%)": 43.45724891209501}}, "1": {"tr_err": {"mae": 14.941026635559544, "mape (%)": 494.8501996424246, "mse": 416.68407817704406, "rmse": 20.129577189413475, "r2_score": -0.35220276108390897, "mean_bias_error": -1.2910057403898372, "AdjMSE": 765.2883549678766, "fuzzy_accuracy (%)": 79.53811834389512}, "val_err": {"mae": 8.359593791288278, "mape (%)": 399.130077428695, "mse": 117.66120369402168, "rmse": 10.668239865802432, "r2_score": -0.6416811466995674, "mean_bias_error": 2.210010150980224, "AdjMSE": 238.2428834596735, "fuzzy_accuracy (%)": 81.54091204848284}, "tst_err": {"mae": 9.624479110457543, "mape (%)": 1391.867061349867, "mse": 142.1862453948108, "rmse": 11.40110293248955, "r2_score": -2.4033732469093434, "mean_bias_error": 8.589965834880719, "AdjMSE": 318.15161681680735, "fuzzy_accuracy (%)": 65.90568060198255}}, "2": {"tr_err": {"mae": 20.725811676391945, "mape (%)": 484.66749797991594, "mse": 905.2914536812008, "rmse": 29.019845597980805, "r2_score": -1.1200026305841695, "mean_bias_error": -6.851246030387839, "AdjMSE": 1919.3369684979011, "fuzzy_accuracy (%)": 76.98748529347621}, "val_err": {"mae": 8.499497349671815, "mape (%)": 395.86916851988076, "mse": 108.58425617883593, "rmse": 10.16260197029908, "r2_score": -0.3285354148434256, "mean_bias_error": 0.8971445558190366, "AdjMSE": 208.92891299881705, "fuzzy_accuracy (%)": 82.38699206106705}, "tst_err": {"mae": 9.261343431976865, "mape (%)": 1291.1642963226911, "mse": 117.22531300169645, "rmse": 10.28669191621709, "r2_score": -1.6088975682942006, "mean_bias_error": 7.701328116793542, "AdjMSE": 256.3529376019344, "fuzzy_accuracy (%)": 65.29062897609455}}, "3": {"tr_err": {"mae": 14.682796475631589, "mape (%)": 439.39546582512065, "mse": 390.1012890371536, "rmse": 19.38919528704587, "r2_score": -0.15575134930838724, "mean_bias_error": -1.4240174330354576, "AdjMSE": 699.2687256210879, "fuzzy_accuracy (%)": 81.078139407029}, "val_err": {"mae": 7.918867774722327, "mape (%)": 357.6437991007227, "mse": 100.26031477442599, "rmse": 9.844165841132867, "r2_score": -0.4110154294712162, "mean_bias_error": 0.5404462497647917, "AdjMSE": 197.21964427245678, "fuzzy_accuracy (%)": 82.46044265616713}, "tst_err": {"mae": 10.290738187386694, "mape (%)": 1622.773914124318, "mse": 173.92297820839403, "rmse": 12.349491536127625, "r2_score": -2.864187801500994, "mean_bias_error": 8.818529234230109, "AdjMSE": 373.84206879273233, "fuzzy_accuracy (%)": 62.647711225618586}}, "4": {"tr_err": {"mae": 16.664094189747296, "mape (%)": 534.9393326984582, "mse": 512.9266849671576, "rmse": 22.173643010386023, "r2_score": -0.5107670118595456, "mean_bias_error": -4.761596057192075, "AdjMSE": 954.6606191418608, "fuzzy_accuracy (%)": 77.10092860027984}, "val_err": {"mae": 8.149739906838773, "mape (%)": 344.3383874705178, "mse": 109.89256111044145, "rmse": 10.31633709486655, "r2_score": -0.5659301651597564, "mean_bias_error": 0.6044418306833304, "AdjMSE": 220.30996821854495, "fuzzy_accuracy (%)": 81.99788683329956}, "tst_err": {"mae": 10.467055599003363, "mape (%)": 1520.8204305563258, "mse": 153.74397551831618, "rmse": 11.83662299132644, "r2_score": -2.666434755032512, "mean_bias_error": 9.105998282998327, "AdjMSE": 328.03498541794266, "fuzzy_accuracy (%)": 56.96061186382184}}}