,model,accuracy_test,log_return_test,std_dev_test,sharpe_test,mse_test,rmse_test,mae_test,r2_test,mape_test,precision_test,f1_test,roc_auc_test
0,linear_regression,0.6645381013197105,10.0087174323359,0.0204084881481773,0.2087779255304495,0.8646235624400769,0.929851365778465,0.8896240331966386,0.1328388231147544,348563201510.6895,,,
0,ridge_regression,0.691358024691358,9.312023248252649,0.0213544919722241,0.1856400987863554,0.8984158639279681,0.9478480173149956,0.9342428066802568,0.0989473433993474,90091021576.65576,,,
0,logistic_regression,0.5968497232865049,7.644253428130197,0.0195935751145886,0.1660880452424803,,,,,,0.6832460732984293,0.5243596182822702,0.6048707991754159
0,svc,0.5653469561515538,1.4127489494934449,0.0220274102390093,0.0273035134426741,,,,,,0.5655216284987278,0.6352268667381208,0.5578984872455317
0,xgboost_classifier,0.7215836526181354,10.979378542839306,0.0198525945461441,,,,,,,0.7264822134387352,0.7375601926163724,0.7203016792402669
0,lgbm_classifier,0.6611323967645807,8.843862333971424,0.020578119395978,0.1829587877794275,,,,,,0.6918967052537845,0.6612765957446809,0.6624369685638203
0,random_forest,0.6517667092379736,9.283850190398624,0.0201215340578376,0.1964192366726381,,,,,,0.7496947496947497,0.6001955034213099,0.6588490252735902
