,model,accuracy_test,log_return_test,std_dev_test,sharpe_test,mse_test,rmse_test,mae_test,r2_test,mape_test,precision_test,f1_test,roc_auc_test
0,linear_regression,0.5563843791136464,3.9000295886690655,0.0232010123491226,0.0737592753821474,0.9631411551586098,0.9813975520443332,0.9706991452840328,0.0249436063407975,2952159283599.7827,,,
0,ridge_regression,0.5432207108380869,2.9389872424658896,0.0242491720144231,0.0531809953523513,0.9747315749985972,0.9872849512671592,0.9786393797884528,0.0132097987782777,2475853817627.56,,,
0,logistic_regression,0.5116279069767442,0.5827203722352639,0.0086497654461514,0.0295604843286182,,,,,,0.4822134387351778,0.1798084008843036,0.4995089423373419
0,svc,0.4844229925405879,-1.028094310836658,0.0297247009440869,-0.0151764828958252,,,,,,0.4844229925405879,0.652675140407922,0.5
0,xgboost_classifier,0.5063624396665204,0.3381142781593815,0.0260351764779922,,,,,,,0.494240263302249,0.6156474205671336,0.5157211686709837
0,lgbm_classifier,0.5388328214129003,3.72416460834447,0.0247715176887584,0.0659677889256832,,,,,,0.5191059841384282,0.5780810919309515,0.5422571692876966
0,random_forest,0.5313734093900834,2.2613793028522204,0.015756112409899,0.0629767170427571,,,,,,0.5387931034482759,0.3188775510204081,0.5221608078939254
