{"0": {"tr_err": {"mae": 27.656057313721053, "mape (%)": 788.4683700044827, "mse": 1427.3503890235713, "rmse": 36.78470864134099, "r2_score": -1.22800803210099, "mean_bias_error": -13.138133345589605, "AdjMSE": 2974.0606712580466, "fuzzy_accuracy (%)": 66.30340490076125}, "val_err": {"mae": 10.741354386065668, "mape (%)": 438.74844434566336, "mse": 236.4611591021451, "rmse": 15.022937436877612, "r2_score": -0.6325563347473101, "mean_bias_error": 3.6845552725462687, "AdjMSE": 411.62219828837544, "fuzzy_accuracy (%)": 72.73502283157741}, "tst_err": {"mae": 6.614599787064301, "mape (%)": 1131.4464507681291, "mse": 68.51401627237136, "rmse": 7.994911673087762, "r2_score": -0.46718151925397877, "mean_bias_error": 3.163468894934051, "AdjMSE": 136.70155968009774, "fuzzy_accuracy (%)": 79.059101395545}}, "1": {"tr_err": {"mae": 28.669010635123943, "mape (%)": 856.0116179500103, "mse": 1538.7221778962044, "rmse": 37.95939762917237, "r2_score": -1.223055864470664, "mean_bias_error": -16.203976541671082, "AdjMSE": 3253.623998740308, "fuzzy_accuracy (%)": 64.32562164766813}, "val_err": {"mae": 10.468816940135344, "mape (%)": 464.4799546793373, "mse": 219.4019189656756, "rmse": 14.470492273997666, "r2_score": -0.500757297771749, "mean_bias_error": 3.1247986907861764, "AdjMSE": 369.028801414986, "fuzzy_accuracy (%)": 72.85715122990574}, "tst_err": {"mae": 6.471620384201833, "mape (%)": 1100.409894696463, "mse": 66.44585587134057, "rmse": 7.876004088828719, "r2_score": -0.42125121902650675, "mean_bias_error": 2.9520279549909256, "AdjMSE": 132.29478242173587, "fuzzy_accuracy (%)": 79.8927475748729}}, "2": {"tr_err": {"mae": 27.32184140386071, "mape (%)": 758.841369875863, "mse": 1403.559226384779, "rmse": 36.234715041880605, "r2_score": -0.9584328173809181, "mean_bias_error": -13.50843037630901, "AdjMSE": 2923.7701008980002, "fuzzy_accuracy (%)": 66.71137371386739}, "val_err": {"mae": 10.581614440353144, "mape (%)": 435.4921690545132, "mse": 229.68993022136223, "rmse": 14.752488520601172, "r2_score": -0.46870992511790455, "mean_bias_error": 3.7670271615351525, "AdjMSE": 393.7465552566175, "fuzzy_accuracy (%)": 72.99587768941873}, "tst_err": {"mae": 6.428429116523901, "mape (%)": 1056.3080813429472, "mse": 66.40972658440167, "rmse": 7.856670669301168, "r2_score": -0.38223444970218384, "mean_bias_error": 3.1064981045224003, "AdjMSE": 131.3601402612191, "fuzzy_accuracy (%)": 80.87676962945324}}, "3": {"tr_err": {"mae": 9.587530955806892, "mape (%)": 373.0159453518509, "mse": 167.47522348419926, "rmse": 12.859285924247683, "r2_score": 0.6328810364610062, "mean_bias_error": -3.515588527374795, "AdjMSE": 276.99263389794885, "fuzzy_accuracy (%)": 83.73520927805137}, "val_err": {"mae": 8.742794621778051, "mape (%)": 921.8515958181958, "mse": 132.71579366695744, "rmse": 11.515254894191644, "r2_score": -0.5943920934023698, "mean_bias_error": -0.4311025516389308, "AdjMSE": 261.2274866653894, "fuzzy_accuracy (%)": 75.50326557125692}, "tst_err": {"mae": 11.389965722840799, "mape (%)": 3429.057269661574, "mse": 169.62295136496928, "rmse": 12.970477147066815, "r2_score": -4.429218490616435, "mean_bias_error": 6.577879845635401, "AdjMSE": 322.70165487106635, "fuzzy_accuracy (%)": 36.102347987767956}}, "4": {"tr_err": {"mae": 23.931968138781166, "mape (%)": 684.7531567988051, "mse": 1075.4087685523632, "rmse": 31.898771187583197, "r2_score": -0.592481919841142, "mean_bias_error": -10.185005472307889, "AdjMSE": 2169.8761460774263, "fuzzy_accuracy (%)": 68.30982873745121}, "val_err": {"mae": 10.936536681495843, "mape (%)": 413.0225724520602, "mse": 233.47849659678613, "rmse": 14.958493998849034, "r2_score": -0.61795824920654, "mean_bias_error": 2.8832948633023086, "AdjMSE": 402.0863681283649, "fuzzy_accuracy (%)": 74.37898050831137}, "tst_err": {"mae": 5.611512371585582, "mape (%)": 491.68550210561665, "mse": 63.02545029770722, "rmse": 7.675561489706317, "r2_score": -0.3508553046736606, "mean_bias_error": 1.2889455443781215, "AdjMSE": 129.61653392912342, "fuzzy_accuracy (%)": 85.24957780625213}}}