{"0": {"tr_err": {"mae": 21.83739376902954, "mape (%)": 1680.286783730341, "mse": 792.8164915834683, "rmse": 28.107257685610374, "r2_score": 0.6864817428139337, "mean_bias_error": -2.839335321798875, "AdjMSE": 1098.5274879457859, "fuzzy_accuracy (%)": 85.87447182310555}, "val_err": {"mae": 67.61317943216164, "mape (%)": 629.837928233518, "mse": 7045.620515862201, "rmse": 83.90692655931689, "r2_score": -1.3798793744292523, "mean_bias_error": 6.7330214058282705, "AdjMSE": 12688.18898871307, "fuzzy_accuracy (%)": 55.80577482231166}, "tst_err": {"mae": 37.86502705919093, "mape (%)": 10718.846903919215, "mse": 2274.773359940122, "rmse": 47.06477832220794, "r2_score": -64.44093886797845, "mean_bias_error": 36.794271058088235, "AdjMSE": 3688.6561235797667, "fuzzy_accuracy (%)": 25.838464441786307}}}